{
    "Description": "500 Stickers op rol Rond  O 75",
    "ReferenceAtCustomer": "6001201950-1",
    "Delivery": "2024-01-19",
    "Shipment_method": "PNA_3189",
    "OrderQuantity": 500,
    "Quantity_per_roll": "",
    "Core": "40_mm",
    "UnitPrice": 72.78,
    "SupplierId": "Print.com",
    "Name": "labels-on-roll",
    "Street": "Arnhemseweg",
    "Country": "NL",
    "PostalCode": "7331BA",
    "City": "Apeldoorn",
    "Contacts": [
        {
            "LastName": "Golsteyn",
            "FirstName": "Boris",
            "Initials": "",
            "Title": "Mr./Mevr.",
            "PhoneNumber": "+31552032058",
            "FaxNumber": "",
            "GSMNumber": "",
            "Email": null,
            "Function": ""
        }
    ],
    "Width": "75",
    "Height": "75",
    "Shape": "Circle",
    "Winding": 2,
    "Radius": 0,
    "Premium_White": "N",
    "Substrate": "55gr_pp_white_mat",
    "Adhesive": "permanent",
    "LineComment1": "6001201950"
}