{
    "Description": "1000 Stickers op rol 50 x 25 m",
    "ReferenceAtCustomer": "6001201949-1",
    "Delivery": "2024-01-19",
    "Shipment_method": "DHG_EUROPLUS",
    "OrderQuantity": 1000,
    "Quantity_per_roll": "",
    "Core": "40_mm",
    "UnitPrice": 57.33,
    "SupplierId": "Print.com",
    "Name": "labels-on-roll",
    "Street": "Mia van IJperenplein",
    "Country": "NL",
    "PostalCode": "3065JK",
    "City": "Rotterdam",
    "Contacts": [
        {
            "LastName": "Vermaas",
            "FirstName": "Heer of mevrouw",
            "Initials": "",
            "Title": "Mr./Mevr.",
            "PhoneNumber": "+31108509009",
            "FaxNumber": "",
            "GSMNumber": "",
            "Email": null,
            "Function": ""
        }
    ],
    "Width": "50",
    "Height": "25",
    "Shape": "Rectangle",
    "Winding": 2,
    "Radius": 2,
    "Premium_White": "N",
    "Substrate": "80gr_paper_gloss",
    "Adhesive": "freezer_resistant",
    "LineComment1": "6001201949"
}